<mujoco model="link7">
  <default>
    <default class="visual">
      <geom group="2" type="mesh" contype="0" conaffinity="0"/>
    </default>
    <default class="collision">
      <geom group="3" type="mesh"/>
    </default>
  </default>
  <asset>
    <texture type="2d" name="link7" file="link7.png"/>
    <material name="material0.006" texture="link7" specular="0.0" shininess="0.25"/>
    <mesh file="link7.obj"/>
  </asset>
  <worldbody>
    <body name="link7">
      <geom material="material0.006" mesh="link7" class="visual"/>
      <geom mesh="link7" class="collision"/>
    </body>
  </worldbody>
</mujoco>