<mujoco model="link5">
  <default>
    <default class="visual">
      <geom group="2" type="mesh" contype="0" conaffinity="0"/>
    </default>
    <default class="collision">
      <geom group="3" type="mesh"/>
    </default>
  </default>
  <asset>
    <texture type="2d" name="link5" file="link5.png"/>
    <material name="material0" texture="link5" specular="0.0" shininess="0.25"/>
    <mesh file="link5.obj"/>
  </asset>
  <worldbody>
    <body name="link5">
      <geom material="material0" mesh="link5" class="visual"/>
      <geom mesh="link5" class="collision"/>
    </body>
  </worldbody>
</mujoco>