<mujoco model="link4">
  <default>
    <default class="visual">
      <geom group="2" type="mesh" contype="0" conaffinity="0"/>
    </default>
    <default class="collision">
      <geom group="3" type="mesh"/>
    </default>
  </default>
  <asset>
    <texture type="2d" name="link4" file="link4.png"/>
    <material name="material0.003" texture="link4" specular="0.0" shininess="0.25"/>
    <mesh file="link4.obj"/>
  </asset>
  <worldbody>
    <body name="link4">
      <geom material="material0.003" mesh="link4" class="visual"/>
      <geom mesh="link4" class="collision"/>
    </body>
  </worldbody>
</mujoco>