<mujoco model="link1">
  <default>
    <default class="visual">
      <geom group="2" type="mesh" contype="0" conaffinity="0"/>
    </default>
    <default class="collision">
      <geom group="3" type="mesh"/>
    </default>
  </default>
  <asset>
    <texture type="2d" name="link1" file="link1.png"/>
    <material name="material0" texture="link1" specular="0.0" shininess="0.25"/>
    <mesh file="link1.obj"/>
  </asset>
  <worldbody>
    <body name="link1">
      <geom material="material0" mesh="link1" class="visual"/>
      <geom mesh="link1" class="collision"/>
    </body>
  </worldbody>
</mujoco>