<mujoco model="gripper_right1">
  <default>
    <default class="visual">
      <geom group="2" type="mesh" contype="0" conaffinity="0"/>
    </default>
    <default class="collision">
      <geom group="3" type="mesh"/>
    </default>
  </default>
  <asset>
    <material name="material_0.002" specular="0.0" shininess="0.0" rgba="0.800000 0.800000 0.800000 1.000000"/>
    <mesh file="gripper_right1.obj"/>
  </asset>
  <worldbody>
    <body name="gripper_right1">
      <geom material="material_0.002" mesh="gripper_right1" class="visual"/>
      <geom mesh="gripper_right1" class="collision"/>
    </body>
  </worldbody>
</mujoco>