<mujoco model="link6">
  <default>
    <default class="visual">
      <geom group="2" type="mesh" contype="0" conaffinity="0"/>
    </default>
    <default class="collision">
      <geom group="3" type="mesh"/>
    </default>
  </default>
  <asset>
    <texture type="2d" name="link6" file="link6.png"/>
    <material name="material0.005" texture="link6" specular="0.0" shininess="0.25"/>
    <mesh file="link6.obj"/>
  </asset>
  <worldbody>
    <body name="link6">
      <geom material="material0.005" mesh="link6" class="visual"/>
      <geom mesh="link6" class="collision"/>
    </body>
  </worldbody>
</mujoco>